/*
 Navicat Premium Data Transfer

 Source Server         : localhost_3306
 Source Server Type    : MySQL
 Source Server Version : 80013
 Source Host           : localhost:3306
 Source Schema         : newshop

 Target Server Type    : MySQL
 Target Server Version : 80013
 File Encoding         : 65001

 Date: 20/05/2024 15:27:34
*/

SET NAMES utf8mb4;
SET FOREIGN_KEY_CHECKS = 0;

-- ----------------------------
-- Table structure for sys_config
-- ----------------------------
DROP TABLE IF EXISTS `sys_config`;
CREATE TABLE `sys_config`  (
  `config_id` int(5) NOT NULL AUTO_INCREMENT COMMENT '参数主键',
  `config_name` varchar(100) CHARACTER SET utf8mb4 COLLATE utf8mb4_0900_ai_ci NULL DEFAULT '' COMMENT '参数名称',
  `config_key` varchar(100) CHARACTER SET utf8mb4 COLLATE utf8mb4_0900_ai_ci NULL DEFAULT '' COMMENT '参数键名',
  `config_value` varchar(500) CHARACTER SET utf8mb4 COLLATE utf8mb4_0900_ai_ci NULL DEFAULT '' COMMENT '参数键值',
  `config_type` char(1) CHARACTER SET utf8mb4 COLLATE utf8mb4_0900_ai_ci NULL DEFAULT 'N' COMMENT '系统内置（Y是 N否）',
  `create_by` varchar(64) CHARACTER SET utf8mb4 COLLATE utf8mb4_0900_ai_ci NULL DEFAULT '' COMMENT '创建者',
  `create_time` datetime NULL DEFAULT NULL COMMENT '创建时间',
  `update_by` varchar(64) CHARACTER SET utf8mb4 COLLATE utf8mb4_0900_ai_ci NULL DEFAULT '' COMMENT '更新者',
  `update_time` datetime NULL DEFAULT NULL COMMENT '更新时间',
  `remark` varchar(500) CHARACTER SET utf8mb4 COLLATE utf8mb4_0900_ai_ci NULL DEFAULT NULL COMMENT '备注',
  PRIMARY KEY (`config_id`) USING BTREE
) ENGINE = InnoDB AUTO_INCREMENT = 7 CHARACTER SET = utf8mb4 COLLATE = utf8mb4_0900_ai_ci COMMENT = '参数配置表' ROW_FORMAT = DYNAMIC;

-- ----------------------------
-- Records of sys_config
-- ----------------------------
INSERT INTO `sys_config` VALUES (1, '主框架页-默认皮肤样式名称', 'sys.index.skinName', 'skin-blue', 'Y', 'admin', '2024-05-14 22:17:47', '', NULL, '蓝色 skin-blue、绿色 skin-green、紫色 skin-purple、红色 skin-red、黄色 skin-yellow');
INSERT INTO `sys_config` VALUES (2, '用户管理-账号初始密码', 'sys.user.initPassword', '123456', 'Y', 'admin', '2024-05-14 22:17:47', '', NULL, '初始化密码 123456');
INSERT INTO `sys_config` VALUES (3, '主框架页-侧边栏主题', 'sys.index.sideTheme', 'theme-dark', 'Y', 'admin', '2024-05-14 22:17:47', '', NULL, '深色主题theme-dark，浅色主题theme-light');
INSERT INTO `sys_config` VALUES (4, '账号自助-验证码开关', 'sys.account.captchaEnabled', 'true', 'Y', 'admin', '2024-05-14 22:17:47', '', NULL, '是否开启验证码功能（true开启，false关闭）');
INSERT INTO `sys_config` VALUES (5, '账号自助-是否开启用户注册功能', 'sys.account.registerUser', 'false', 'Y', 'admin', '2024-05-14 22:17:47', '', NULL, '是否开启注册用户功能（true开启，false关闭）');
INSERT INTO `sys_config` VALUES (6, '用户登录-黑名单列表', 'sys.login.blackIPList', '', 'Y', 'admin', '2024-05-14 22:17:47', '', NULL, '设置登录IP黑名单限制，多个匹配项以;分隔，支持匹配（*通配、网段）');

-- ----------------------------
-- Table structure for sys_dict_data
-- ----------------------------
DROP TABLE IF EXISTS `sys_dict_data`;
CREATE TABLE `sys_dict_data`  (
  `dict_code` bigint(20) NOT NULL AUTO_INCREMENT COMMENT '字典编码',
  `dict_sort` int(4) NULL DEFAULT 0 COMMENT '字典排序',
  `dict_label` varchar(100) CHARACTER SET utf8mb4 COLLATE utf8mb4_0900_ai_ci NULL DEFAULT '' COMMENT '字典标签',
  `dict_value` varchar(100) CHARACTER SET utf8mb4 COLLATE utf8mb4_0900_ai_ci NULL DEFAULT '' COMMENT '字典键值',
  `dict_type` varchar(100) CHARACTER SET utf8mb4 COLLATE utf8mb4_0900_ai_ci NULL DEFAULT '' COMMENT '字典类型',
  `css_class` varchar(100) CHARACTER SET utf8mb4 COLLATE utf8mb4_0900_ai_ci NULL DEFAULT NULL COMMENT '样式属性（其他样式扩展）',
  `list_class` varchar(100) CHARACTER SET utf8mb4 COLLATE utf8mb4_0900_ai_ci NULL DEFAULT NULL COMMENT '表格回显样式',
  `is_default` char(1) CHARACTER SET utf8mb4 COLLATE utf8mb4_0900_ai_ci NULL DEFAULT 'N' COMMENT '是否默认（Y是 N否）',
  `status` char(1) CHARACTER SET utf8mb4 COLLATE utf8mb4_0900_ai_ci NULL DEFAULT '0' COMMENT '状态（0正常 1停用）',
  `create_by` varchar(64) CHARACTER SET utf8mb4 COLLATE utf8mb4_0900_ai_ci NULL DEFAULT '' COMMENT '创建者',
  `create_time` datetime NULL DEFAULT NULL COMMENT '创建时间',
  `update_by` varchar(64) CHARACTER SET utf8mb4 COLLATE utf8mb4_0900_ai_ci NULL DEFAULT '' COMMENT '更新者',
  `update_time` datetime NULL DEFAULT NULL COMMENT '更新时间',
  `remark` varchar(500) CHARACTER SET utf8mb4 COLLATE utf8mb4_0900_ai_ci NULL DEFAULT NULL COMMENT '备注',
  PRIMARY KEY (`dict_code`) USING BTREE
) ENGINE = InnoDB AUTO_INCREMENT = 30 CHARACTER SET = utf8mb4 COLLATE = utf8mb4_0900_ai_ci COMMENT = '字典数据表' ROW_FORMAT = DYNAMIC;

-- ----------------------------
-- Records of sys_dict_data
-- ----------------------------
INSERT INTO `sys_dict_data` VALUES (1, 1, '男', '0', 'sys_user_sex', '', '', 'Y', '0', 'admin', '2024-05-14 22:17:47', '', NULL, '性别男');
INSERT INTO `sys_dict_data` VALUES (2, 2, '女', '1', 'sys_user_sex', '', '', 'N', '0', 'admin', '2024-05-14 22:17:47', '', NULL, '性别女');
INSERT INTO `sys_dict_data` VALUES (3, 3, '未知', '2', 'sys_user_sex', '', '', 'N', '0', 'admin', '2024-05-14 22:17:47', '', NULL, '性别未知');
INSERT INTO `sys_dict_data` VALUES (4, 1, '显示', '0', 'sys_show_hide', '', 'primary', 'Y', '0', 'admin', '2024-05-14 22:17:47', '', NULL, '显示菜单');
INSERT INTO `sys_dict_data` VALUES (5, 2, '隐藏', '1', 'sys_show_hide', '', 'danger', 'N', '0', 'admin', '2024-05-14 22:17:47', '', NULL, '隐藏菜单');
INSERT INTO `sys_dict_data` VALUES (6, 1, '正常', '0', 'sys_normal_disable', '', 'primary', 'Y', '0', 'admin', '2024-05-14 22:17:47', '', NULL, '正常状态');
INSERT INTO `sys_dict_data` VALUES (7, 2, '停用', '1', 'sys_normal_disable', '', 'danger', 'N', '0', 'admin', '2024-05-14 22:17:47', '', NULL, '停用状态');
INSERT INTO `sys_dict_data` VALUES (8, 1, '正常', '0', 'sys_job_status', '', 'primary', 'Y', '0', 'admin', '2024-05-14 22:17:47', '', NULL, '正常状态');
INSERT INTO `sys_dict_data` VALUES (9, 2, '暂停', '1', 'sys_job_status', '', 'danger', 'N', '0', 'admin', '2024-05-14 22:17:47', '', NULL, '停用状态');
INSERT INTO `sys_dict_data` VALUES (10, 1, '默认', 'DEFAULT', 'sys_job_group', '', '', 'Y', '0', 'admin', '2024-05-14 22:17:47', '', NULL, '默认分组');
INSERT INTO `sys_dict_data` VALUES (11, 2, '系统', 'SYSTEM', 'sys_job_group', '', '', 'N', '0', 'admin', '2024-05-14 22:17:47', '', NULL, '系统分组');
INSERT INTO `sys_dict_data` VALUES (12, 1, '是', 'Y', 'sys_yes_no', '', 'primary', 'Y', '0', 'admin', '2024-05-14 22:17:47', '', NULL, '系统默认是');
INSERT INTO `sys_dict_data` VALUES (13, 2, '否', 'N', 'sys_yes_no', '', 'danger', 'N', '0', 'admin', '2024-05-14 22:17:47', '', NULL, '系统默认否');
INSERT INTO `sys_dict_data` VALUES (14, 1, '通知', '1', 'sys_notice_type', '', 'warning', 'Y', '0', 'admin', '2024-05-14 22:17:47', '', NULL, '通知');
INSERT INTO `sys_dict_data` VALUES (15, 2, '公告', '2', 'sys_notice_type', '', 'success', 'N', '0', 'admin', '2024-05-14 22:17:47', '', NULL, '公告');
INSERT INTO `sys_dict_data` VALUES (16, 1, '正常', '0', 'sys_notice_status', '', 'primary', 'Y', '0', 'admin', '2024-05-14 22:17:47', '', NULL, '正常状态');
INSERT INTO `sys_dict_data` VALUES (17, 2, '关闭', '1', 'sys_notice_status', '', 'danger', 'N', '0', 'admin', '2024-05-14 22:17:47', '', NULL, '关闭状态');
INSERT INTO `sys_dict_data` VALUES (18, 99, '其他', '0', 'sys_oper_type', '', 'info', 'N', '0', 'admin', '2024-05-14 22:17:47', '', NULL, '其他操作');
INSERT INTO `sys_dict_data` VALUES (19, 1, '新增', '1', 'sys_oper_type', '', 'info', 'N', '0', 'admin', '2024-05-14 22:17:47', '', NULL, '新增操作');
INSERT INTO `sys_dict_data` VALUES (20, 2, '修改', '2', 'sys_oper_type', '', 'info', 'N', '0', 'admin', '2024-05-14 22:17:47', '', NULL, '修改操作');
INSERT INTO `sys_dict_data` VALUES (21, 3, '删除', '3', 'sys_oper_type', '', 'danger', 'N', '0', 'admin', '2024-05-14 22:17:47', '', NULL, '删除操作');
INSERT INTO `sys_dict_data` VALUES (22, 4, '授权', '4', 'sys_oper_type', '', 'primary', 'N', '0', 'admin', '2024-05-14 22:17:47', '', NULL, '授权操作');
INSERT INTO `sys_dict_data` VALUES (23, 5, '导出', '5', 'sys_oper_type', '', 'warning', 'N', '0', 'admin', '2024-05-14 22:17:47', '', NULL, '导出操作');
INSERT INTO `sys_dict_data` VALUES (24, 6, '导入', '6', 'sys_oper_type', '', 'warning', 'N', '0', 'admin', '2024-05-14 22:17:47', '', NULL, '导入操作');
INSERT INTO `sys_dict_data` VALUES (25, 7, '强退', '7', 'sys_oper_type', '', 'danger', 'N', '0', 'admin', '2024-05-14 22:17:47', '', NULL, '强退操作');
INSERT INTO `sys_dict_data` VALUES (26, 8, '生成代码', '8', 'sys_oper_type', '', 'warning', 'N', '0', 'admin', '2024-05-14 22:17:47', '', NULL, '生成操作');
INSERT INTO `sys_dict_data` VALUES (27, 9, '清空数据', '9', 'sys_oper_type', '', 'danger', 'N', '0', 'admin', '2024-05-14 22:17:47', '', NULL, '清空操作');
INSERT INTO `sys_dict_data` VALUES (28, 1, '成功', '0', 'sys_common_status', '', 'primary', 'N', '0', 'admin', '2024-05-14 22:17:47', '', NULL, '正常状态');
INSERT INTO `sys_dict_data` VALUES (29, 2, '失败', '1', 'sys_common_status', '', 'danger', 'N', '0', 'admin', '2024-05-14 22:17:47', '', NULL, '停用状态');

-- ----------------------------
-- Table structure for sys_job
-- ----------------------------
DROP TABLE IF EXISTS `sys_job`;
CREATE TABLE `sys_job`  (
  `job_id` bigint(20) NOT NULL AUTO_INCREMENT COMMENT '任务ID',
  `job_name` varchar(64) CHARACTER SET utf8mb4 COLLATE utf8mb4_0900_ai_ci NOT NULL DEFAULT '' COMMENT '任务名称',
  `job_group` varchar(64) CHARACTER SET utf8mb4 COLLATE utf8mb4_0900_ai_ci NOT NULL DEFAULT 'DEFAULT' COMMENT '任务组名',
  `invoke_target` varchar(500) CHARACTER SET utf8mb4 COLLATE utf8mb4_0900_ai_ci NOT NULL COMMENT '调用目标字符串',
  `cron_expression` varchar(255) CHARACTER SET utf8mb4 COLLATE utf8mb4_0900_ai_ci NULL DEFAULT '' COMMENT 'cron执行表达式',
  `misfire_policy` varchar(20) CHARACTER SET utf8mb4 COLLATE utf8mb4_0900_ai_ci NULL DEFAULT '3' COMMENT '计划执行错误策略（1立即执行 2执行一次 3放弃执行）',
  `concurrent` char(1) CHARACTER SET utf8mb4 COLLATE utf8mb4_0900_ai_ci NULL DEFAULT '1' COMMENT '是否并发执行（0允许 1禁止）',
  `status` char(1) CHARACTER SET utf8mb4 COLLATE utf8mb4_0900_ai_ci NULL DEFAULT '0' COMMENT '状态（0正常 1暂停）',
  `create_by` varchar(64) CHARACTER SET utf8mb4 COLLATE utf8mb4_0900_ai_ci NULL DEFAULT '' COMMENT '创建者',
  `create_time` datetime NULL DEFAULT NULL COMMENT '创建时间',
  `update_by` varchar(64) CHARACTER SET utf8mb4 COLLATE utf8mb4_0900_ai_ci NULL DEFAULT '' COMMENT '更新者',
  `update_time` datetime NULL DEFAULT NULL COMMENT '更新时间',
  `remark` varchar(500) CHARACTER SET utf8mb4 COLLATE utf8mb4_0900_ai_ci NULL DEFAULT '' COMMENT '备注信息',
  PRIMARY KEY (`job_id`, `job_name`, `job_group`) USING BTREE
) ENGINE = InnoDB AUTO_INCREMENT = 4 CHARACTER SET = utf8mb4 COLLATE = utf8mb4_0900_ai_ci COMMENT = '定时任务调度表' ROW_FORMAT = DYNAMIC;

-- ----------------------------
-- Records of sys_job
-- ----------------------------
INSERT INTO `sys_job` VALUES (1, '系统默认（无参）', 'DEFAULT', 'ryTask.ryNoParams', '0/10 * * * * ?', '3', '1', '1', 'admin', '2024-05-14 22:17:47', '', NULL, '');
INSERT INTO `sys_job` VALUES (2, '系统默认（有参）', 'DEFAULT', 'ryTask.ryParams(\'ry\')', '0/15 * * * * ?', '3', '1', '1', 'admin', '2024-05-14 22:17:47', '', NULL, '');
INSERT INTO `sys_job` VALUES (3, '系统默认（多参）', 'DEFAULT', 'ryTask.ryMultipleParams(\'ry\', true, 2000L, 316.50D, 100)', '0/20 * * * * ?', '3', '1', '1', 'admin', '2024-05-14 22:17:47', '', NULL, '');

-- ----------------------------
-- Table structure for sys_logininfor
-- ----------------------------
DROP TABLE IF EXISTS `sys_logininfor`;
CREATE TABLE `sys_logininfor`  (
  `info_id` bigint(20) NOT NULL AUTO_INCREMENT COMMENT '访问ID',
  `user_name` varchar(50) CHARACTER SET utf8mb4 COLLATE utf8mb4_0900_ai_ci NULL DEFAULT '' COMMENT '用户账号',
  `ipaddr` varchar(128) CHARACTER SET utf8mb4 COLLATE utf8mb4_0900_ai_ci NULL DEFAULT '' COMMENT '登录IP地址',
  `login_location` varchar(255) CHARACTER SET utf8mb4 COLLATE utf8mb4_0900_ai_ci NULL DEFAULT '' COMMENT '登录地点',
  `browser` varchar(50) CHARACTER SET utf8mb4 COLLATE utf8mb4_0900_ai_ci NULL DEFAULT '' COMMENT '浏览器类型',
  `os` varchar(50) CHARACTER SET utf8mb4 COLLATE utf8mb4_0900_ai_ci NULL DEFAULT '' COMMENT '操作系统',
  `status` char(1) CHARACTER SET utf8mb4 COLLATE utf8mb4_0900_ai_ci NULL DEFAULT '0' COMMENT '登录状态（0成功 1失败）',
  `msg` varchar(255) CHARACTER SET utf8mb4 COLLATE utf8mb4_0900_ai_ci NULL DEFAULT '' COMMENT '提示消息',
  `login_time` datetime NULL DEFAULT NULL COMMENT '访问时间',
  PRIMARY KEY (`info_id`) USING BTREE,
  INDEX `idx_sys_logininfor_s`(`status` ASC) USING BTREE,
  INDEX `idx_sys_logininfor_lt`(`login_time` ASC) USING BTREE
) ENGINE = InnoDB AUTO_INCREMENT = 113 CHARACTER SET = utf8mb4 COLLATE = utf8mb4_0900_ai_ci COMMENT = '系统访问记录' ROW_FORMAT = DYNAMIC;

-- ----------------------------
-- Records of sys_logininfor
-- ----------------------------
INSERT INTO `sys_logininfor` VALUES (100, 'admin', '127.0.0.1', '内网IP', 'Chrome 12', 'Windows 10', '0', '登录成功', '2024-05-15 11:49:08');
INSERT INTO `sys_logininfor` VALUES (101, 'admin', '127.0.0.1', '内网IP', 'Chrome 12', 'Windows 10', '0', '退出成功', '2024-05-15 11:49:22');
INSERT INTO `sys_logininfor` VALUES (102, 'admin', '127.0.0.1', '内网IP', 'Chrome 12', 'Windows 10', '0', '登录成功', '2024-05-15 11:58:02');
INSERT INTO `sys_logininfor` VALUES (103, 'admin', '127.0.0.1', '内网IP', 'Chrome 12', 'Windows 10', '0', '登录成功', '2024-05-15 13:43:43');
INSERT INTO `sys_logininfor` VALUES (104, 'admin', '127.0.0.1', '内网IP', 'Chrome 12', 'Windows 10', '0', '退出成功', '2024-05-15 13:53:10');
INSERT INTO `sys_logininfor` VALUES (105, 'admin', '127.0.0.1', '内网IP', 'Chrome 12', 'Windows 10', '1', '验证码错误', '2024-05-15 13:53:16');
INSERT INTO `sys_logininfor` VALUES (106, 'admin', '127.0.0.1', '内网IP', 'Chrome 12', 'Windows 10', '0', '登录成功', '2024-05-15 16:43:43');
INSERT INTO `sys_logininfor` VALUES (107, 'admin', '127.0.0.1', '内网IP', 'Chrome 12', 'Windows 10', '0', '登录成功', '2024-05-15 17:58:08');
INSERT INTO `sys_logininfor` VALUES (108, 'admin', '127.0.0.1', '内网IP', 'Chrome 12', 'Windows 10', '0', '登录成功', '2024-05-15 19:33:47');
INSERT INTO `sys_logininfor` VALUES (109, 'admin', '127.0.0.1', '内网IP', 'Chrome 12', 'Windows 10', '1', '验证码错误', '2024-05-17 20:26:48');
INSERT INTO `sys_logininfor` VALUES (110, 'admin', '127.0.0.1', '内网IP', 'Chrome 12', 'Windows 10', '0', '登录成功', '2024-05-17 20:26:55');
INSERT INTO `sys_logininfor` VALUES (111, 'admin', '127.0.0.1', '内网IP', 'Chrome 12', 'Windows 10', '0', '登录成功', '2024-05-17 22:47:47');
INSERT INTO `sys_logininfor` VALUES (112, 'admin', '127.0.0.1', '内网IP', 'Chrome 12', 'Windows 10', '0', '登录成功', '2024-05-17 23:23:16');
INSERT INTO `sys_logininfor` VALUES (113, 'admin', '127.0.0.1', '内网IP', 'Chrome 12', 'Windows 10', '0', '退出成功', '2024-05-19 21:52:28');
INSERT INTO `sys_logininfor` VALUES (114, 'admin', '127.0.0.1', '内网IP', 'Chrome 12', 'Windows 10', '1', '验证码错误', '2024-05-19 21:52:33');
INSERT INTO `sys_logininfor` VALUES (115, 'admin', '127.0.0.1', '内网IP', 'Chrome 12', 'Windows 10', '0', '登录成功', '2024-05-19 21:52:38');
INSERT INTO `sys_logininfor` VALUES (116, 'admin', '127.0.0.1', '内网IP', 'Chrome 12', 'Windows 10', '0', '登录成功', '2024-05-19 21:54:40');
INSERT INTO `sys_logininfor` VALUES (117, 'admin', '127.0.0.1', '内网IP', 'Chrome 12', 'Windows 10', '0', '退出成功', '2024-05-19 21:56:42');
INSERT INTO `sys_logininfor` VALUES (118, 'xiezheng', '127.0.0.1', '内网IP', 'Chrome 12', 'Windows 10', '1', '用户不存在/密码错误', '2024-05-19 21:56:49');
INSERT INTO `sys_logininfor` VALUES (119, 'xiezheng', '127.0.0.1', '内网IP', 'Chrome 12', 'Windows 10', '1', '验证码错误', '2024-05-19 21:56:55');
INSERT INTO `sys_logininfor` VALUES (120, 'xiezheng', '127.0.0.1', '内网IP', 'Chrome 12', 'Windows 10', '0', '登录成功', '2024-05-19 21:56:59');
INSERT INTO `sys_logininfor` VALUES (121, 'admin', '127.0.0.1', '内网IP', 'Chrome 12', 'Windows 10', '0', '登录成功', '2024-05-19 23:05:20');
INSERT INTO `sys_logininfor` VALUES (122, 'admin', '127.0.0.1', '内网IP', 'Chrome 12', 'Windows 10', '0', '退出成功', '2024-05-20 00:51:44');
INSERT INTO `sys_logininfor` VALUES (123, 'xiezheng', '127.0.0.1', '内网IP', 'Chrome 12', 'Windows 10', '1', '用户不存在/密码错误', '2024-05-20 00:51:54');
INSERT INTO `sys_logininfor` VALUES (124, 'xiezheng', '127.0.0.1', '内网IP', 'Chrome 12', 'Windows 10', '0', '登录成功', '2024-05-20 00:52:04');
INSERT INTO `sys_logininfor` VALUES (125, 'xiezheng', '127.0.0.1', '内网IP', 'Chrome 12', 'Windows 10', '0', '退出成功', '2024-05-20 00:52:43');
INSERT INTO `sys_logininfor` VALUES (126, 'admin', '127.0.0.1', '内网IP', 'Chrome 12', 'Windows 10', '0', '登录成功', '2024-05-20 00:52:58');

-- ----------------------------
-- Table structure for sys_menu
-- ----------------------------
DROP TABLE IF EXISTS `sys_menu`;
CREATE TABLE `sys_menu`  (
  `menu_id` bigint(20) NOT NULL AUTO_INCREMENT COMMENT '菜单ID',
  `menu_name` varchar(50) CHARACTER SET utf8mb4 COLLATE utf8mb4_0900_ai_ci NOT NULL COMMENT '菜单名称',
  `parent_id` bigint(20) NULL DEFAULT 0 COMMENT '父菜单ID',
  `order_num` int(4) NULL DEFAULT 0 COMMENT '显示顺序',
  `path` varchar(200) CHARACTER SET utf8mb4 COLLATE utf8mb4_0900_ai_ci NULL DEFAULT '' COMMENT '路由地址',
  `component` varchar(255) CHARACTER SET utf8mb4 COLLATE utf8mb4_0900_ai_ci NULL DEFAULT NULL COMMENT '组件路径',
  `query` varchar(255) CHARACTER SET utf8mb4 COLLATE utf8mb4_0900_ai_ci NULL DEFAULT NULL COMMENT '路由参数',
  `is_frame` int(1) NULL DEFAULT 1 COMMENT '是否为外链（0是 1否）',
  `is_cache` int(1) NULL DEFAULT 0 COMMENT '是否缓存（0缓存 1不缓存）',
  `menu_type` char(1) CHARACTER SET utf8mb4 COLLATE utf8mb4_0900_ai_ci NULL DEFAULT '' COMMENT '菜单类型（M目录 C菜单 F按钮）',
  `visible` char(1) CHARACTER SET utf8mb4 COLLATE utf8mb4_0900_ai_ci NULL DEFAULT '0' COMMENT '菜单状态（0显示 1隐藏）',
  `status` char(1) CHARACTER SET utf8mb4 COLLATE utf8mb4_0900_ai_ci NULL DEFAULT '0' COMMENT '菜单状态（0正常 1停用）',
  `perms` varchar(100) CHARACTER SET utf8mb4 COLLATE utf8mb4_0900_ai_ci NULL DEFAULT NULL COMMENT '权限标识',
  `icon` varchar(100) CHARACTER SET utf8mb4 COLLATE utf8mb4_0900_ai_ci NULL DEFAULT '#' COMMENT '菜单图标',
  `create_by` varchar(64) CHARACTER SET utf8mb4 COLLATE utf8mb4_0900_ai_ci NULL DEFAULT '' COMMENT '创建者',
  `create_time` datetime NULL DEFAULT NULL COMMENT '创建时间',
  `update_by` varchar(64) CHARACTER SET utf8mb4 COLLATE utf8mb4_0900_ai_ci NULL DEFAULT '' COMMENT '更新者',
  `update_time` datetime NULL DEFAULT NULL COMMENT '更新时间',
  `remark` varchar(500) CHARACTER SET utf8mb4 COLLATE utf8mb4_0900_ai_ci NULL DEFAULT '' COMMENT '备注',
  PRIMARY KEY (`menu_id`) USING BTREE
) ENGINE = InnoDB AUTO_INCREMENT = 1061 CHARACTER SET = utf8mb4 COLLATE = utf8mb4_0900_ai_ci COMMENT = '菜单权限表' ROW_FORMAT = DYNAMIC;

-- ----------------------------
-- Records of sys_menu
-- ----------------------------
INSERT INTO `sys_menu` VALUES (1, '系统管理', 0, 1, 'system', NULL, '', 1, 0, 'M', '0', '0', '', 'system', 'admin', '2024-05-14 22:17:47', '', NULL, '系统管理目录');
INSERT INTO `sys_menu` VALUES (2, '监控管理', 0, 2, 'monitor', NULL, '', 1, 0, 'M', '0', '0', '', 'monitor', 'admin', '2024-05-14 22:17:47', '', NULL, '系统监控目录');
INSERT INTO `sys_menu` VALUES (100, '用户管理', 1, 1, 'user', 'system/user/index', '', 1, 0, 'C', '0', '0', 'system:user:list', 'user', 'admin', '2024-05-14 22:17:47', '', NULL, '用户管理菜单');
INSERT INTO `sys_menu` VALUES (101, '角色管理', 1, 2, 'role', 'system/role/index', '', 1, 0, 'C', '0', '0', 'system:role:list', 'peoples', 'admin', '2024-05-14 22:17:47', '', NULL, '角色管理菜单');
INSERT INTO `sys_menu` VALUES (102, '菜单管理', 1, 3, 'menu', 'system/menu/index', '', 1, 0, 'C', '0', '0', 'system:menu:list', 'tree-table', 'admin', '2024-05-14 22:17:47', '', NULL, '菜单管理菜单');
INSERT INTO `sys_menu` VALUES (106, '参数设置', 1, 4, 'config', 'system/config/index', '', 1, 0, 'C', '0', '0', 'system:config:list', 'edit', 'admin', '2024-05-14 22:17:47', '', NULL, '参数设置菜单');
INSERT INTO `sys_menu` VALUES (108, '日志管理', 2, 4, 'log', '', '', 1, 0, 'M', '0', '0', '', 'log', 'admin', '2024-05-14 22:17:47', '', NULL, '日志管理菜单');
INSERT INTO `sys_menu` VALUES (109, '在线用户', 1, 6, 'online', 'monitor/online/index', '', 1, 0, 'C', '0', '0', 'monitor:online:list', 'online', 'admin', '2024-05-14 22:17:47', '', NULL, '在线用户菜单');
INSERT INTO `sys_menu` VALUES (112, '服务监控', 2, 1, 'server', 'monitor/server/index', '', 1, 0, 'C', '0', '0', 'monitor:server:list', 'server', 'admin', '2024-05-14 22:17:47', '', NULL, '服务监控菜单');
INSERT INTO `sys_menu` VALUES (113, '缓存监控', 2, 2, 'cache', 'monitor/cache/index', '', 1, 0, 'C', '0', '0', 'monitor:cache:list', 'redis', 'admin', '2024-05-14 22:17:47', '', NULL, '缓存监控菜单');
INSERT INTO `sys_menu` VALUES (114, '缓存列表', 2, 3, 'cacheList', 'monitor/cache/list', '', 1, 0, 'C', '0', '0', 'monitor:cache:list', 'redis-list', 'admin', '2024-05-14 22:17:47', '', NULL, '缓存列表菜单');
INSERT INTO `sys_menu` VALUES (117, '系统接口', 2, 5, 'swagger', 'tool/swagger/index', '', 1, 0, 'C', '0', '0', 'tool:swagger:list', 'swagger', 'admin', '2024-05-14 22:17:47', '', NULL, '系统接口菜单');
INSERT INTO `sys_menu` VALUES (500, '操作日志', 108, 1, 'operlog', 'monitor/operlog/index', '', 1, 0, 'C', '0', '0', 'monitor:operlog:list', 'form', 'admin', '2024-05-14 22:17:47', '', NULL, '操作日志菜单');
INSERT INTO `sys_menu` VALUES (501, '登录日志', 108, 2, 'logininfor', 'monitor/logininfor/index', '', 1, 0, 'C', '0', '0', 'monitor:logininfor:list', 'logininfor', 'admin', '2024-05-14 22:17:47', '', NULL, '登录日志菜单');
INSERT INTO `sys_menu` VALUES (1000, '用户查询', 100, 1, '', '', '', 1, 0, 'F', '0', '0', 'system:user:query', '#', 'admin', '2024-05-14 22:17:47', '', NULL, '');
INSERT INTO `sys_menu` VALUES (1001, '用户新增', 100, 2, '', '', '', 1, 0, 'F', '0', '0', 'system:user:add', '#', 'admin', '2024-05-14 22:17:47', '', NULL, '');
INSERT INTO `sys_menu` VALUES (1002, '用户修改', 100, 3, '', '', '', 1, 0, 'F', '0', '0', 'system:user:edit', '#', 'admin', '2024-05-14 22:17:47', '', NULL, '');
INSERT INTO `sys_menu` VALUES (1003, '用户删除', 100, 4, '', '', '', 1, 0, 'F', '0', '0', 'system:user:remove', '#', 'admin', '2024-05-14 22:17:47', '', NULL, '');
INSERT INTO `sys_menu` VALUES (1004, '用户导出', 100, 5, '', '', '', 1, 0, 'F', '0', '0', 'system:user:export', '#', 'admin', '2024-05-14 22:17:47', '', NULL, '');
INSERT INTO `sys_menu` VALUES (1005, '用户导入', 100, 6, '', '', '', 1, 0, 'F', '0', '0', 'system:user:import', '#', 'admin', '2024-05-14 22:17:47', '', NULL, '');
INSERT INTO `sys_menu` VALUES (1006, '重置密码', 100, 7, '', '', '', 1, 0, 'F', '0', '0', 'system:user:resetPwd', '#', 'admin', '2024-05-14 22:17:47', '', NULL, '');
INSERT INTO `sys_menu` VALUES (1007, '角色查询', 101, 1, '', '', '', 1, 0, 'F', '0', '0', 'system:role:query', '#', 'admin', '2024-05-14 22:17:47', '', NULL, '');
INSERT INTO `sys_menu` VALUES (1008, '角色新增', 101, 2, '', '', '', 1, 0, 'F', '0', '0', 'system:role:add', '#', 'admin', '2024-05-14 22:17:47', '', NULL, '');
INSERT INTO `sys_menu` VALUES (1009, '角色修改', 101, 3, '', '', '', 1, 0, 'F', '0', '0', 'system:role:edit', '#', 'admin', '2024-05-14 22:17:47', '', NULL, '');
INSERT INTO `sys_menu` VALUES (1010, '角色删除', 101, 4, '', '', '', 1, 0, 'F', '0', '0', 'system:role:remove', '#', 'admin', '2024-05-14 22:17:47', '', NULL, '');
INSERT INTO `sys_menu` VALUES (1011, '角色导出', 101, 5, '', '', '', 1, 0, 'F', '0', '0', 'system:role:export', '#', 'admin', '2024-05-14 22:17:47', '', NULL, '');
INSERT INTO `sys_menu` VALUES (1012, '菜单查询', 102, 1, '', '', '', 1, 0, 'F', '0', '0', 'system:menu:query', '#', 'admin', '2024-05-14 22:17:47', '', NULL, '');
INSERT INTO `sys_menu` VALUES (1013, '菜单新增', 102, 2, '', '', '', 1, 0, 'F', '0', '0', 'system:menu:add', '#', 'admin', '2024-05-14 22:17:47', '', NULL, '');
INSERT INTO `sys_menu` VALUES (1014, '菜单修改', 102, 3, '', '', '', 1, 0, 'F', '0', '0', 'system:menu:edit', '#', 'admin', '2024-05-14 22:17:47', '', NULL, '');
INSERT INTO `sys_menu` VALUES (1015, '菜单删除', 102, 4, '', '', '', 1, 0, 'F', '0', '0', 'system:menu:remove', '#', 'admin', '2024-05-14 22:17:47', '', NULL, '');
INSERT INTO `sys_menu` VALUES (1016, '部门查询', 103, 1, '', '', '', 1, 0, 'F', '0', '0', 'system:dept:query', '#', 'admin', '2024-05-14 22:17:47', '', NULL, '');
INSERT INTO `sys_menu` VALUES (1017, '部门新增', 103, 2, '', '', '', 1, 0, 'F', '0', '0', 'system:dept:add', '#', 'admin', '2024-05-14 22:17:47', '', NULL, '');
INSERT INTO `sys_menu` VALUES (1018, '部门修改', 103, 3, '', '', '', 1, 0, 'F', '0', '0', 'system:dept:edit', '#', 'admin', '2024-05-14 22:17:47', '', NULL, '');
INSERT INTO `sys_menu` VALUES (1019, '部门删除', 103, 4, '', '', '', 1, 0, 'F', '0', '0', 'system:dept:remove', '#', 'admin', '2024-05-14 22:17:47', '', NULL, '');
INSERT INTO `sys_menu` VALUES (1020, '岗位查询', 104, 1, '', '', '', 1, 0, 'F', '0', '0', 'system:post:query', '#', 'admin', '2024-05-14 22:17:47', '', NULL, '');
INSERT INTO `sys_menu` VALUES (1021, '岗位新增', 104, 2, '', '', '', 1, 0, 'F', '0', '0', 'system:post:add', '#', 'admin', '2024-05-14 22:17:47', '', NULL, '');
INSERT INTO `sys_menu` VALUES (1022, '岗位修改', 104, 3, '', '', '', 1, 0, 'F', '0', '0', 'system:post:edit', '#', 'admin', '2024-05-14 22:17:47', '', NULL, '');
INSERT INTO `sys_menu` VALUES (1023, '岗位删除', 104, 4, '', '', '', 1, 0, 'F', '0', '0', 'system:post:remove', '#', 'admin', '2024-05-14 22:17:47', '', NULL, '');
INSERT INTO `sys_menu` VALUES (1024, '岗位导出', 104, 5, '', '', '', 1, 0, 'F', '0', '0', 'system:post:export', '#', 'admin', '2024-05-14 22:17:47', '', NULL, '');
INSERT INTO `sys_menu` VALUES (1025, '字典查询', 105, 1, '#', '', '', 1, 0, 'F', '0', '0', 'system:dict:query', '#', 'admin', '2024-05-14 22:17:47', '', NULL, '');
INSERT INTO `sys_menu` VALUES (1026, '字典新增', 105, 2, '#', '', '', 1, 0, 'F', '0', '0', 'system:dict:add', '#', 'admin', '2024-05-14 22:17:47', '', NULL, '');
INSERT INTO `sys_menu` VALUES (1027, '字典修改', 105, 3, '#', '', '', 1, 0, 'F', '0', '0', 'system:dict:edit', '#', 'admin', '2024-05-14 22:17:47', '', NULL, '');
INSERT INTO `sys_menu` VALUES (1028, '字典删除', 105, 4, '#', '', '', 1, 0, 'F', '0', '0', 'system:dict:remove', '#', 'admin', '2024-05-14 22:17:47', '', NULL, '');
INSERT INTO `sys_menu` VALUES (1029, '字典导出', 105, 5, '#', '', '', 1, 0, 'F', '0', '0', 'system:dict:export', '#', 'admin', '2024-05-14 22:17:47', '', NULL, '');
INSERT INTO `sys_menu` VALUES (1030, '参数查询', 106, 1, '#', '', '', 1, 0, 'F', '0', '0', 'system:config:query', '#', 'admin', '2024-05-14 22:17:47', '', NULL, '');
INSERT INTO `sys_menu` VALUES (1031, '参数新增', 106, 2, '#', '', '', 1, 0, 'F', '0', '0', 'system:config:add', '#', 'admin', '2024-05-14 22:17:47', '', NULL, '');
INSERT INTO `sys_menu` VALUES (1032, '参数修改', 106, 3, '#', '', '', 1, 0, 'F', '0', '0', 'system:config:edit', '#', 'admin', '2024-05-14 22:17:47', '', NULL, '');
INSERT INTO `sys_menu` VALUES (1033, '参数删除', 106, 4, '#', '', '', 1, 0, 'F', '0', '0', 'system:config:remove', '#', 'admin', '2024-05-14 22:17:47', '', NULL, '');
INSERT INTO `sys_menu` VALUES (1034, '参数导出', 106, 5, '#', '', '', 1, 0, 'F', '0', '0', 'system:config:export', '#', 'admin', '2024-05-14 22:17:47', '', NULL, '');
INSERT INTO `sys_menu` VALUES (1035, '公告查询', 107, 1, '#', '', '', 1, 0, 'F', '0', '0', 'system:notice:query', '#', 'admin', '2024-05-14 22:17:47', '', NULL, '');
INSERT INTO `sys_menu` VALUES (1036, '公告新增', 107, 2, '#', '', '', 1, 0, 'F', '0', '0', 'system:notice:add', '#', 'admin', '2024-05-14 22:17:47', '', NULL, '');
INSERT INTO `sys_menu` VALUES (1037, '公告修改', 107, 3, '#', '', '', 1, 0, 'F', '0', '0', 'system:notice:edit', '#', 'admin', '2024-05-14 22:17:47', '', NULL, '');
INSERT INTO `sys_menu` VALUES (1038, '公告删除', 107, 4, '#', '', '', 1, 0, 'F', '0', '0', 'system:notice:remove', '#', 'admin', '2024-05-14 22:17:47', '', NULL, '');
INSERT INTO `sys_menu` VALUES (1039, '操作查询', 500, 1, '#', '', '', 1, 0, 'F', '0', '0', 'monitor:operlog:query', '#', 'admin', '2024-05-14 22:17:47', '', NULL, '');
INSERT INTO `sys_menu` VALUES (1040, '操作删除', 500, 2, '#', '', '', 1, 0, 'F', '0', '0', 'monitor:operlog:remove', '#', 'admin', '2024-05-14 22:17:47', '', NULL, '');
INSERT INTO `sys_menu` VALUES (1041, '日志导出', 500, 3, '#', '', '', 1, 0, 'F', '0', '0', 'monitor:operlog:export', '#', 'admin', '2024-05-14 22:17:47', '', NULL, '');
INSERT INTO `sys_menu` VALUES (1042, '登录查询', 501, 1, '#', '', '', 1, 0, 'F', '0', '0', 'monitor:logininfor:query', '#', 'admin', '2024-05-14 22:17:47', '', NULL, '');
INSERT INTO `sys_menu` VALUES (1043, '登录删除', 501, 2, '#', '', '', 1, 0, 'F', '0', '0', 'monitor:logininfor:remove', '#', 'admin', '2024-05-14 22:17:47', '', NULL, '');
INSERT INTO `sys_menu` VALUES (1044, '日志导出', 501, 3, '#', '', '', 1, 0, 'F', '0', '0', 'monitor:logininfor:export', '#', 'admin', '2024-05-14 22:17:47', '', NULL, '');
INSERT INTO `sys_menu` VALUES (1045, '账户解锁', 501, 4, '#', '', '', 1, 0, 'F', '0', '0', 'monitor:logininfor:unlock', '#', 'admin', '2024-05-14 22:17:47', '', NULL, '');
INSERT INTO `sys_menu` VALUES (1046, '在线查询', 109, 1, '#', '', '', 1, 0, 'F', '0', '0', 'monitor:online:query', '#', 'admin', '2024-05-14 22:17:47', '', NULL, '');
INSERT INTO `sys_menu` VALUES (1047, '批量强退', 109, 2, '#', '', '', 1, 0, 'F', '0', '0', 'monitor:online:batchLogout', '#', 'admin', '2024-05-14 22:17:47', '', NULL, '');
INSERT INTO `sys_menu` VALUES (1048, '单条强退', 109, 3, '#', '', '', 1, 0, 'F', '0', '0', 'monitor:online:forceLogout', '#', 'admin', '2024-05-14 22:17:47', '', NULL, '');
INSERT INTO `sys_menu` VALUES (1049, '任务查询', 110, 1, '#', '', '', 1, 0, 'F', '0', '0', 'monitor:job:query', '#', 'admin', '2024-05-14 22:17:47', '', NULL, '');
INSERT INTO `sys_menu` VALUES (1050, '任务新增', 110, 2, '#', '', '', 1, 0, 'F', '0', '0', 'monitor:job:add', '#', 'admin', '2024-05-14 22:17:47', '', NULL, '');
INSERT INTO `sys_menu` VALUES (1051, '任务修改', 110, 3, '#', '', '', 1, 0, 'F', '0', '0', 'monitor:job:edit', '#', 'admin', '2024-05-14 22:17:47', '', NULL, '');
INSERT INTO `sys_menu` VALUES (1052, '任务删除', 110, 4, '#', '', '', 1, 0, 'F', '0', '0', 'monitor:job:remove', '#', 'admin', '2024-05-14 22:17:47', '', NULL, '');
INSERT INTO `sys_menu` VALUES (1053, '状态修改', 110, 5, '#', '', '', 1, 0, 'F', '0', '0', 'monitor:job:changeStatus', '#', 'admin', '2024-05-14 22:17:47', '', NULL, '');
INSERT INTO `sys_menu` VALUES (1054, '任务导出', 110, 6, '#', '', '', 1, 0, 'F', '0', '0', 'monitor:job:export', '#', 'admin', '2024-05-14 22:17:47', '', NULL, '');
INSERT INTO `sys_menu` VALUES (1055, '生成查询', 116, 1, '#', '', '', 1, 0, 'F', '0', '0', 'tool:gen:query', '#', 'admin', '2024-05-14 22:17:47', '', NULL, '');
INSERT INTO `sys_menu` VALUES (1056, '生成修改', 116, 2, '#', '', '', 1, 0, 'F', '0', '0', 'tool:gen:edit', '#', 'admin', '2024-05-14 22:17:47', '', NULL, '');
INSERT INTO `sys_menu` VALUES (1057, '生成删除', 116, 3, '#', '', '', 1, 0, 'F', '0', '0', 'tool:gen:remove', '#', 'admin', '2024-05-14 22:17:47', '', NULL, '');
INSERT INTO `sys_menu` VALUES (1058, '导入代码', 116, 4, '#', '', '', 1, 0, 'F', '0', '0', 'tool:gen:import', '#', 'admin', '2024-05-14 22:17:47', '', NULL, '');
INSERT INTO `sys_menu` VALUES (1059, '预览代码', 116, 5, '#', '', '', 1, 0, 'F', '0', '0', 'tool:gen:preview', '#', 'admin', '2024-05-14 22:17:47', '', NULL, '');
INSERT INTO `sys_menu` VALUES (1060, '生成代码', 116, 6, '#', '', '', 1, 0, 'F', '0', '0', 'tool:gen:code', '#', 'admin', '2024-05-14 22:17:47', '', NULL, '');

-- ----------------------------
-- Table structure for sys_oper_log
-- ----------------------------
DROP TABLE IF EXISTS `sys_oper_log`;
CREATE TABLE `sys_oper_log`  (
  `oper_id` bigint(20) NOT NULL AUTO_INCREMENT COMMENT '日志主键',
  `title` varchar(50) CHARACTER SET utf8mb4 COLLATE utf8mb4_0900_ai_ci NULL DEFAULT '' COMMENT '模块标题',
  `business_type` int(2) NULL DEFAULT 0 COMMENT '业务类型（0其它 1新增 2修改 3删除）',
  `method` varchar(100) CHARACTER SET utf8mb4 COLLATE utf8mb4_0900_ai_ci NULL DEFAULT '' COMMENT '方法名称',
  `request_method` varchar(10) CHARACTER SET utf8mb4 COLLATE utf8mb4_0900_ai_ci NULL DEFAULT '' COMMENT '请求方式',
  `operator_type` int(1) NULL DEFAULT 0 COMMENT '操作类别（0其它 1后台用户 2手机端用户）',
  `oper_name` varchar(50) CHARACTER SET utf8mb4 COLLATE utf8mb4_0900_ai_ci NULL DEFAULT '' COMMENT '操作人员',
  `dept_name` varchar(50) CHARACTER SET utf8mb4 COLLATE utf8mb4_0900_ai_ci NULL DEFAULT '' COMMENT '部门名称',
  `oper_url` varchar(255) CHARACTER SET utf8mb4 COLLATE utf8mb4_0900_ai_ci NULL DEFAULT '' COMMENT '请求URL',
  `oper_ip` varchar(128) CHARACTER SET utf8mb4 COLLATE utf8mb4_0900_ai_ci NULL DEFAULT '' COMMENT '主机地址',
  `oper_location` varchar(255) CHARACTER SET utf8mb4 COLLATE utf8mb4_0900_ai_ci NULL DEFAULT '' COMMENT '操作地点',
  `oper_param` varchar(2000) CHARACTER SET utf8mb4 COLLATE utf8mb4_0900_ai_ci NULL DEFAULT '' COMMENT '请求参数',
  `json_result` varchar(2000) CHARACTER SET utf8mb4 COLLATE utf8mb4_0900_ai_ci NULL DEFAULT '' COMMENT '返回参数',
  `status` int(1) NULL DEFAULT 0 COMMENT '操作状态（0正常 1异常）',
  `error_msg` varchar(2000) CHARACTER SET utf8mb4 COLLATE utf8mb4_0900_ai_ci NULL DEFAULT '' COMMENT '错误消息',
  `oper_time` datetime NULL DEFAULT NULL COMMENT '操作时间',
  `cost_time` bigint(20) NULL DEFAULT 0 COMMENT '消耗时间',
  PRIMARY KEY (`oper_id`) USING BTREE,
  INDEX `idx_sys_oper_log_bt`(`business_type` ASC) USING BTREE,
  INDEX `idx_sys_oper_log_s`(`status` ASC) USING BTREE,
  INDEX `idx_sys_oper_log_ot`(`oper_time` ASC) USING BTREE
) ENGINE = InnoDB AUTO_INCREMENT = 113 CHARACTER SET = utf8mb4 COLLATE = utf8mb4_0900_ai_ci COMMENT = '操作日志记录' ROW_FORMAT = DYNAMIC;

-- ----------------------------
-- Records of sys_oper_log
-- ----------------------------
INSERT INTO `sys_oper_log` VALUES (100, '角色管理', 5, 'com.ruoyi.web.controller.system.SysRoleController.export()', 'POST', 1, 'admin', '研发部门', '/system/role/export', '127.0.0.1', '内网IP', '{\"pageSize\":\"10\",\"pageNum\":\"1\"}', NULL, 0, NULL, '2024-05-17 20:28:00', 1558);
INSERT INTO `sys_oper_log` VALUES (101, '角色管理', 1, 'com.ruoyi.web.controller.system.SysRoleController.add()', 'POST', 1, 'admin', '研发部门', '/system/role', '127.0.0.1', '内网IP', '{\"admin\":false,\"createBy\":\"admin\",\"deptCheckStrictly\":true,\"deptIds\":[],\"flag\":false,\"menuCheckStrictly\":false,\"menuIds\":[1000],\"params\":{},\"remark\":\"123\",\"roleId\":100,\"roleKey\":\"123\",\"roleName\":\"小角色\",\"roleSort\":2,\"status\":\"0\"}', '{\"msg\":\"操作成功\",\"code\":200}', 0, NULL, '2024-05-17 20:29:42', 103);
INSERT INTO `sys_oper_log` VALUES (102, '角色管理', 3, 'com.ruoyi.web.controller.system.SysRoleController.remove()', 'DELETE', 1, 'admin', '研发部门', '/system/role/100', '127.0.0.1', '内网IP', '{}', '{\"msg\":\"操作成功\",\"code\":200}', 0, NULL, '2024-05-17 20:30:12', 41);
INSERT INTO `sys_oper_log` VALUES (103, '字典类型', 1, 'com.ruoyi.web.controller.system.SysDictTypeController.add()', 'POST', 1, 'admin', '研发部门', '/system/dict/type', '127.0.0.1', '内网IP', '{\"createBy\":\"admin\",\"dictName\":\"cc\",\"dictType\":\"cc\",\"params\":{},\"remark\":\"cc\",\"status\":\"0\"}', '{\"msg\":\"操作成功\",\"code\":200}', 0, NULL, '2024-05-17 20:51:50', 82);
INSERT INTO `sys_oper_log` VALUES (104, '字典类型', 3, 'com.ruoyi.web.controller.system.SysDictTypeController.remove()', 'DELETE', 1, 'admin', '研发部门', '/system/dict/type/100', '127.0.0.1', '内网IP', '{}', '{\"msg\":\"操作成功\",\"code\":200}', 0, NULL, '2024-05-17 20:52:01', 27);
INSERT INTO `sys_oper_log` VALUES (105, '角色管理', 2, 'com.ruoyi.web.controller.system.SysRoleController.edit()', 'PUT', 1, 'admin', '研发部门', '/system/role', '127.0.0.1', '内网IP', '{\"admin\":false,\"createTime\":\"2024-05-14 22:17:47\",\"dataScope\":\"2\",\"delFlag\":\"0\",\"deptCheckStrictly\":true,\"flag\":false,\"menuCheckStrictly\":true,\"menuIds\":[2,109,1046,1047,1048,110,1049,1050,1051,1052,1053,1054,111,112,113,114,3,115,116,1055,1056,1057,1058,1059,1060,117,4],\"params\":{},\"remark\":\"普通角色\",\"roleId\":2,\"roleKey\":\"common\",\"roleName\":\"普通角色\",\"roleSort\":2,\"status\":\"0\",\"updateBy\":\"admin\"}', '{\"msg\":\"操作成功\",\"code\":200}', 0, NULL, '2024-05-17 20:53:10', 86);
INSERT INTO `sys_oper_log` VALUES (106, '角色管理', 2, 'com.ruoyi.web.controller.system.SysRoleController.edit()', 'PUT', 1, 'admin', '研发部门', '/system/role', '127.0.0.1', '内网IP', '{\"admin\":false,\"createTime\":\"2024-05-14 22:17:47\",\"dataScope\":\"2\",\"delFlag\":\"0\",\"deptCheckStrictly\":true,\"flag\":false,\"menuCheckStrictly\":true,\"menuIds\":[1,100,1000,1001,1002,1003,1004,1005,1006,101,1007,1008,1009,1010,1011,102,1012,1013,1014,1015,103,1016,1017,1018,1019,104,1020,1021,1022,1023,1024,105,1025,1026,1027,1028,1029,106,1030,1031,1032,1033,1034,107,1035,1036,1037,1038,108,500,1039,1040,1041,501,1042,1043,1044,1045,2,109,1046,1047,1048,110,1049,1050,1051,1052,1053,1054,111,112,113,114,3,115,116,1055,1056,1057,1058,1059,1060,117,4],\"params\":{},\"remark\":\"普通角色\",\"roleId\":2,\"roleKey\":\"common\",\"roleName\":\"普通角色\",\"roleSort\":2,\"status\":\"0\",\"updateBy\":\"admin\"}', '{\"msg\":\"操作成功\",\"code\":200}', 0, NULL, '2024-05-17 20:53:16', 63);
INSERT INTO `sys_oper_log` VALUES (107, '用户管理', 1, 'com.ruoyi.web.controller.system.SysUserController.add()', 'POST', 1, 'admin', '研发部门', '/system/user', '127.0.0.1', '内网IP', '{\"admin\":false,\"createBy\":\"admin\",\"deptId\":100,\"nickName\":\"123\",\"params\":{},\"postIds\":[4],\"roleIds\":[],\"sex\":\"0\",\"status\":\"0\",\"userId\":100,\"userName\":\"123\"}', '{\"msg\":\"操作成功\",\"code\":200}', 0, NULL, '2024-05-17 22:48:08', 337);
INSERT INTO `sys_oper_log` VALUES (108, '用户管理', 2, 'com.ruoyi.web.controller.system.SysUserController.edit()', 'PUT', 1, 'admin', '研发部门', '/system/user', '127.0.0.1', '内网IP', '{\"admin\":false,\"avatar\":\"\",\"createBy\":\"admin\",\"createTime\":\"2024-05-17 22:48:07\",\"delFlag\":\"0\",\"dept\":{\"ancestors\":\"0\",\"children\":[],\"deptId\":100,\"deptName\":\"若依科技\",\"leader\":\"若依\",\"orderNum\":0,\"params\":{},\"parentId\":0,\"status\":\"0\"},\"deptId\":100,\"email\":\"\",\"loginIp\":\"\",\"nickName\":\"123\",\"params\":{},\"phonenumber\":\"\",\"postIds\":[4],\"roleIds\":[2],\"roles\":[],\"sex\":\"0\",\"status\":\"0\",\"updateBy\":\"admin\",\"userId\":100,\"userName\":\"123\"}', '{\"msg\":\"操作成功\",\"code\":200}', 0, NULL, '2024-05-17 22:48:28', 124);
INSERT INTO `sys_oper_log` VALUES (109, '角色管理', 1, 'com.ruoyi.web.controller.system.SysRoleController.add()', 'POST', 1, 'admin', '研发部门', '/system/role', '127.0.0.1', '内网IP', '{\"admin\":false,\"createBy\":\"admin\",\"deptCheckStrictly\":true,\"deptIds\":[],\"flag\":false,\"menuCheckStrictly\":true,\"menuIds\":[1,100,1000,1001,1002,1003,1004,1005,1006],\"params\":{},\"roleId\":101,\"roleKey\":\"33\",\"roleName\":\"123\",\"roleSort\":0,\"status\":\"0\"}', '{\"msg\":\"操作成功\",\"code\":200}', 0, NULL, '2024-05-17 22:49:29', 105);
INSERT INTO `sys_oper_log` VALUES (110, '角色管理', 2, 'com.ruoyi.web.controller.system.SysRoleController.edit()', 'PUT', 1, 'admin', '研发部门', '/system/role', '127.0.0.1', '内网IP', '{\"admin\":false,\"createTime\":\"2024-05-17 22:49:29\",\"dataScope\":\"1\",\"delFlag\":\"0\",\"deptCheckStrictly\":true,\"flag\":false,\"menuCheckStrictly\":true,\"menuIds\":[1,100,1000,1001,1002,1003,1004,1005,1006],\"params\":{},\"roleId\":101,\"roleKey\":\"33\",\"roleName\":\"123\",\"roleSort\":2,\"status\":\"0\",\"updateBy\":\"admin\"}', '{\"msg\":\"操作成功\",\"code\":200}', 0, NULL, '2024-05-17 22:51:09', 125);
INSERT INTO `sys_oper_log` VALUES (111, '角色管理', 3, 'com.ruoyi.web.controller.system.SysRoleController.remove()', 'DELETE', 1, 'admin', '研发部门', '/system/role/101', '127.0.0.1', '内网IP', '{}', '{\"msg\":\"操作成功\",\"code\":200}', 0, NULL, '2024-05-17 23:23:23', 23);
INSERT INTO `sys_oper_log` VALUES (112, '用户管理', 3, 'com.ruoyi.web.controller.system.SysUserController.remove()', 'DELETE', 1, 'admin', '研发部门', '/system/user/100', '127.0.0.1', '内网IP', '{}', '{\"msg\":\"操作成功\",\"code\":200}', 0, NULL, '2024-05-17 23:23:51', 89);
INSERT INTO `sys_oper_log` VALUES (114, '操作日志', 3, 'com.ruoyi.web.controller.monitor.SysOperlogController.remove()', 'DELETE', 1, 'admin', NULL, '/monitor/operlog/113', '127.0.0.1', '内网IP', '{}', '{\"msg\":\"操作成功\",\"code\":200}', 0, NULL, '2024-05-19 21:51:11', 83);
INSERT INTO `sys_oper_log` VALUES (115, '在线用户', 7, 'com.ruoyi.web.controller.monitor.SysUserOnlineController.forceLogout()', 'DELETE', 1, 'admin', NULL, '/monitor/online/1705b344-6c7f-45a7-863d-d144c9d3c840', '127.0.0.1', '内网IP', '{}', '{\"msg\":\"操作成功\",\"code\":200}', 0, NULL, '2024-05-19 21:54:33', 0);
INSERT INTO `sys_oper_log` VALUES (116, '角色管理', 1, 'com.ruoyi.web.controller.system.SysRoleController.add()', 'POST', 1, 'admin', NULL, '/system/role', '127.0.0.1', '内网IP', '{\"admin\":false,\"createBy\":\"admin\",\"flag\":false,\"menuCheckStrictly\":true,\"menuIds\":[1,101,1007,1008,1009,1010,1011],\"params\":{},\"roleId\":4,\"roleKey\":\"aa\",\"roleName\":\"只给操作角色管理\",\"roleSort\":0,\"status\":\"0\"}', '{\"msg\":\"操作成功\",\"code\":200}', 0, NULL, '2024-05-19 21:56:18', 84);
INSERT INTO `sys_oper_log` VALUES (117, '用户管理', 2, 'com.ruoyi.web.controller.tool.UserController.edit()', 'PUT', 1, 'admin', NULL, '/system/user', '127.0.0.1', '内网IP', '{\"admin\":false,\"avatar\":\"\",\"createBy\":\"admin\",\"createTime\":\"2024-05-19 16:33:09\",\"delFlag\":\"0\",\"loginIp\":\"\",\"nickName\":\"woaini\",\"params\":{},\"roleIds\":[2,4],\"roles\":[{\"admin\":false,\"dataScope\":\"2\",\"flag\":false,\"menuCheckStrictly\":false,\"params\":{},\"roleId\":2,\"roleKey\":\"common\",\"roleName\":\"普通角色\",\"roleSort\":2,\"status\":\"0\"}],\"sex\":\"0\",\"status\":\"0\",\"updateBy\":\"admin\",\"userId\":102,\"userName\":\"xiezheng\"}', '{\"msg\":\"操作成功\",\"code\":200}', 0, NULL, '2024-05-19 21:56:27', 11);
INSERT INTO `sys_oper_log` VALUES (118, '用户管理', 2, 'com.ruoyi.web.controller.tool.UserController.edit()', 'PUT', 1, 'admin', NULL, '/system/user', '127.0.0.1', '内网IP', '{\"admin\":false,\"avatar\":\"\",\"createBy\":\"admin\",\"createTime\":\"2024-05-19 16:33:09\",\"delFlag\":\"0\",\"loginIp\":\"\",\"nickName\":\"woaini\",\"params\":{},\"roleIds\":[4],\"roles\":[{\"admin\":false,\"dataScope\":\"2\",\"flag\":false,\"menuCheckStrictly\":false,\"params\":{},\"roleId\":2,\"roleKey\":\"common\",\"roleName\":\"普通角色\",\"roleSort\":2,\"status\":\"0\"},{\"admin\":false,\"dataScope\":\"1\",\"flag\":false,\"menuCheckStrictly\":false,\"params\":{},\"roleId\":4,\"roleKey\":\"aa\",\"roleName\":\"只给操作角色管理\",\"roleSort\":0,\"status\":\"0\"}],\"sex\":\"0\",\"status\":\"0\",\"updateBy\":\"admin\",\"userId\":102,\"userName\":\"xiezheng\"}', '{\"msg\":\"操作成功\",\"code\":200}', 0, NULL, '2024-05-19 21:56:38', 42);
INSERT INTO `sys_oper_log` VALUES (119, '角色管理', 2, 'com.ruoyi.web.controller.system.SysRoleController.edit()', 'PUT', 1, 'admin', NULL, '/system/role', '127.0.0.1', '内网IP', '{\"admin\":false,\"createTime\":\"2024-05-19 21:56:18\",\"dataScope\":\"1\",\"delFlag\":\"0\",\"flag\":false,\"menuCheckStrictly\":true,\"menuIds\":[1,101,1007,1008,1009,1010,1011],\"params\":{},\"roleId\":4,\"roleKey\":\"aa\",\"roleName\":\"只给操作角色管理\",\"roleSort\":0,\"status\":\"0\",\"updateBy\":\"admin\"}', '{\"msg\":\"操作成功\",\"code\":200}', 0, NULL, '2024-05-20 00:51:38', 80);
INSERT INTO `sys_oper_log` VALUES (120, '菜单管理', 1, 'com.ruoyi.web.controller.system.SysMenuController.add()', 'POST', 1, 'admin', NULL, '/system/menu', '127.0.0.1', '内网IP', '{\"children\":[],\"createBy\":\"admin\",\"icon\":\"eye\",\"isCache\":\"0\",\"isFrame\":\"1\",\"menuName\":\"业务管理\",\"menuType\":\"M\",\"orderNum\":3,\"params\":{},\"parentId\":0,\"path\":\"user\",\"status\":\"0\",\"visible\":\"0\"}', '{\"msg\":\"操作成功\",\"code\":200}', 0, NULL, '2024-05-20 02:10:09', 51);
INSERT INTO `sys_oper_log` VALUES (121, '菜单管理', 1, 'com.ruoyi.web.controller.system.SysMenuController.add()', 'POST', 1, 'admin', NULL, '/system/menu', '127.0.0.1', '内网IP', '{\"children\":[],\"component\":\"asd\",\"createBy\":\"admin\",\"icon\":\"build\",\"isCache\":\"0\",\"isFrame\":\"1\",\"menuName\":\"123\",\"menuType\":\"C\",\"orderNum\":1,\"params\":{},\"parentId\":1061,\"path\":\"uu\",\"query\":\"zxc\",\"status\":\"0\",\"visible\":\"0\"}', '{\"msg\":\"操作成功\",\"code\":200}', 0, NULL, '2024-05-20 02:11:35', 37);
INSERT INTO `sys_oper_log` VALUES (122, '菜单管理', 3, 'com.ruoyi.web.controller.system.SysMenuController.remove()', 'DELETE', 1, 'admin', NULL, '/system/menu/1062', '127.0.0.1', '内网IP', '{}', '{\"msg\":\"操作成功\",\"code\":200}', 0, NULL, '2024-05-20 02:14:08', 53);
INSERT INTO `sys_oper_log` VALUES (123, '菜单管理', 3, 'com.ruoyi.web.controller.system.SysMenuController.remove()', 'DELETE', 1, 'admin', NULL, '/system/menu/1061', '127.0.0.1', '内网IP', '{}', '{\"msg\":\"操作成功\",\"code\":200}', 0, NULL, '2024-05-20 02:14:17', 12);

-- ----------------------------
-- Table structure for sys_role
-- ----------------------------
DROP TABLE IF EXISTS `sys_role`;
CREATE TABLE `sys_role`  (
  `role_id` bigint(20) NOT NULL AUTO_INCREMENT COMMENT '角色ID',
  `role_name` varchar(30) CHARACTER SET utf8mb4 COLLATE utf8mb4_0900_ai_ci NOT NULL COMMENT '角色名称',
  `role_key` varchar(100) CHARACTER SET utf8mb4 COLLATE utf8mb4_0900_ai_ci NOT NULL COMMENT '角色权限字符串',
  `role_sort` int(4) NOT NULL COMMENT '显示顺序',
  `data_scope` char(1) CHARACTER SET utf8mb4 COLLATE utf8mb4_0900_ai_ci NULL DEFAULT '1' COMMENT '数据范围（1：全部数据权限 2：自定数据权限 3：本部门数据权限 4：本部门及以下数据权限）',
  `menu_check_strictly` tinyint(1) NULL DEFAULT 1 COMMENT '菜单树选择项是否关联显示',
  `dept_check_strictly` tinyint(1) NULL DEFAULT 1 COMMENT '部门树选择项是否关联显示',
  `status` char(1) CHARACTER SET utf8mb4 COLLATE utf8mb4_0900_ai_ci NOT NULL COMMENT '角色状态（0正常 1停用）',
  `del_flag` char(1) CHARACTER SET utf8mb4 COLLATE utf8mb4_0900_ai_ci NULL DEFAULT '0' COMMENT '删除标志（0代表存在 2代表删除）',
  `create_by` varchar(64) CHARACTER SET utf8mb4 COLLATE utf8mb4_0900_ai_ci NULL DEFAULT '' COMMENT '创建者',
  `create_time` datetime NULL DEFAULT NULL COMMENT '创建时间',
  `update_by` varchar(64) CHARACTER SET utf8mb4 COLLATE utf8mb4_0900_ai_ci NULL DEFAULT '' COMMENT '更新者',
  `update_time` datetime NULL DEFAULT NULL COMMENT '更新时间',
  `remark` varchar(500) CHARACTER SET utf8mb4 COLLATE utf8mb4_0900_ai_ci NULL DEFAULT NULL COMMENT '备注',
  PRIMARY KEY (`role_id`) USING BTREE
) ENGINE = InnoDB AUTO_INCREMENT = 5 CHARACTER SET = utf8mb4 COLLATE = utf8mb4_0900_ai_ci COMMENT = '角色信息表' ROW_FORMAT = DYNAMIC;

-- ----------------------------
-- Records of sys_role
-- ----------------------------
INSERT INTO `sys_role` VALUES (1, '超级管理员', 'admin', 1, '1', 1, 1, '0', '0', 'admin', '2024-05-14 22:17:47', '', NULL, '超级管理员');
INSERT INTO `sys_role` VALUES (2, '普通角色', 'common', 2, '2', 1, 1, '0', '0', 'admin', '2024-05-14 22:17:47', 'admin', '2024-05-17 20:53:16', '普通角色');
INSERT INTO `sys_role` VALUES (3, 'cool', '123', 0, '1', 1, 1, '0', '2', 'admin', '2024-05-19 16:46:57', '', NULL, NULL);
INSERT INTO `sys_role` VALUES (4, '只给操作角色管理', 'aa', 0, '1', 1, 1, '0', '0', 'admin', '2024-05-19 21:56:18', 'admin', '2024-05-20 00:51:38', NULL);

-- ----------------------------
-- Table structure for sys_role_menu
-- ----------------------------
DROP TABLE IF EXISTS `sys_role_menu`;
CREATE TABLE `sys_role_menu`  (
  `role_id` bigint(20) NOT NULL COMMENT '角色ID',
  `menu_id` bigint(20) NOT NULL COMMENT '菜单ID',
  PRIMARY KEY (`role_id`, `menu_id`) USING BTREE
) ENGINE = InnoDB CHARACTER SET = utf8mb4 COLLATE = utf8mb4_0900_ai_ci COMMENT = '角色和菜单关联表' ROW_FORMAT = DYNAMIC;

-- ----------------------------
-- Records of sys_role_menu
-- ----------------------------
INSERT INTO `sys_role_menu` VALUES (2, 1);
INSERT INTO `sys_role_menu` VALUES (2, 2);
INSERT INTO `sys_role_menu` VALUES (2, 3);
INSERT INTO `sys_role_menu` VALUES (2, 4);
INSERT INTO `sys_role_menu` VALUES (2, 100);
INSERT INTO `sys_role_menu` VALUES (2, 101);
INSERT INTO `sys_role_menu` VALUES (2, 102);
INSERT INTO `sys_role_menu` VALUES (2, 103);
INSERT INTO `sys_role_menu` VALUES (2, 104);
INSERT INTO `sys_role_menu` VALUES (2, 105);
INSERT INTO `sys_role_menu` VALUES (2, 106);
INSERT INTO `sys_role_menu` VALUES (2, 107);
INSERT INTO `sys_role_menu` VALUES (2, 108);
INSERT INTO `sys_role_menu` VALUES (2, 109);
INSERT INTO `sys_role_menu` VALUES (2, 110);
INSERT INTO `sys_role_menu` VALUES (2, 111);
INSERT INTO `sys_role_menu` VALUES (2, 112);
INSERT INTO `sys_role_menu` VALUES (2, 113);
INSERT INTO `sys_role_menu` VALUES (2, 114);
INSERT INTO `sys_role_menu` VALUES (2, 115);
INSERT INTO `sys_role_menu` VALUES (2, 116);
INSERT INTO `sys_role_menu` VALUES (2, 117);
INSERT INTO `sys_role_menu` VALUES (2, 500);
INSERT INTO `sys_role_menu` VALUES (2, 501);
INSERT INTO `sys_role_menu` VALUES (2, 1000);
INSERT INTO `sys_role_menu` VALUES (2, 1001);
INSERT INTO `sys_role_menu` VALUES (2, 1002);
INSERT INTO `sys_role_menu` VALUES (2, 1003);
INSERT INTO `sys_role_menu` VALUES (2, 1004);
INSERT INTO `sys_role_menu` VALUES (2, 1005);
INSERT INTO `sys_role_menu` VALUES (2, 1006);
INSERT INTO `sys_role_menu` VALUES (2, 1007);
INSERT INTO `sys_role_menu` VALUES (2, 1008);
INSERT INTO `sys_role_menu` VALUES (2, 1009);
INSERT INTO `sys_role_menu` VALUES (2, 1010);
INSERT INTO `sys_role_menu` VALUES (2, 1011);
INSERT INTO `sys_role_menu` VALUES (2, 1012);
INSERT INTO `sys_role_menu` VALUES (2, 1013);
INSERT INTO `sys_role_menu` VALUES (2, 1014);
INSERT INTO `sys_role_menu` VALUES (2, 1015);
INSERT INTO `sys_role_menu` VALUES (2, 1016);
INSERT INTO `sys_role_menu` VALUES (2, 1017);
INSERT INTO `sys_role_menu` VALUES (2, 1018);
INSERT INTO `sys_role_menu` VALUES (2, 1019);
INSERT INTO `sys_role_menu` VALUES (2, 1020);
INSERT INTO `sys_role_menu` VALUES (2, 1021);
INSERT INTO `sys_role_menu` VALUES (2, 1022);
INSERT INTO `sys_role_menu` VALUES (2, 1023);
INSERT INTO `sys_role_menu` VALUES (2, 1024);
INSERT INTO `sys_role_menu` VALUES (2, 1025);
INSERT INTO `sys_role_menu` VALUES (2, 1026);
INSERT INTO `sys_role_menu` VALUES (2, 1027);
INSERT INTO `sys_role_menu` VALUES (2, 1028);
INSERT INTO `sys_role_menu` VALUES (2, 1029);
INSERT INTO `sys_role_menu` VALUES (2, 1030);
INSERT INTO `sys_role_menu` VALUES (2, 1031);
INSERT INTO `sys_role_menu` VALUES (2, 1032);
INSERT INTO `sys_role_menu` VALUES (2, 1033);
INSERT INTO `sys_role_menu` VALUES (2, 1034);
INSERT INTO `sys_role_menu` VALUES (2, 1035);
INSERT INTO `sys_role_menu` VALUES (2, 1036);
INSERT INTO `sys_role_menu` VALUES (2, 1037);
INSERT INTO `sys_role_menu` VALUES (2, 1038);
INSERT INTO `sys_role_menu` VALUES (2, 1039);
INSERT INTO `sys_role_menu` VALUES (2, 1040);
INSERT INTO `sys_role_menu` VALUES (2, 1041);
INSERT INTO `sys_role_menu` VALUES (2, 1042);
INSERT INTO `sys_role_menu` VALUES (2, 1043);
INSERT INTO `sys_role_menu` VALUES (2, 1044);
INSERT INTO `sys_role_menu` VALUES (2, 1045);
INSERT INTO `sys_role_menu` VALUES (2, 1046);
INSERT INTO `sys_role_menu` VALUES (2, 1047);
INSERT INTO `sys_role_menu` VALUES (2, 1048);
INSERT INTO `sys_role_menu` VALUES (2, 1049);
INSERT INTO `sys_role_menu` VALUES (2, 1050);
INSERT INTO `sys_role_menu` VALUES (2, 1051);
INSERT INTO `sys_role_menu` VALUES (2, 1052);
INSERT INTO `sys_role_menu` VALUES (2, 1053);
INSERT INTO `sys_role_menu` VALUES (2, 1054);
INSERT INTO `sys_role_menu` VALUES (2, 1055);
INSERT INTO `sys_role_menu` VALUES (2, 1056);
INSERT INTO `sys_role_menu` VALUES (2, 1057);
INSERT INTO `sys_role_menu` VALUES (2, 1058);
INSERT INTO `sys_role_menu` VALUES (2, 1059);
INSERT INTO `sys_role_menu` VALUES (2, 1060);
INSERT INTO `sys_role_menu` VALUES (4, 1);
INSERT INTO `sys_role_menu` VALUES (4, 101);
INSERT INTO `sys_role_menu` VALUES (4, 1007);
INSERT INTO `sys_role_menu` VALUES (4, 1008);
INSERT INTO `sys_role_menu` VALUES (4, 1009);
INSERT INTO `sys_role_menu` VALUES (4, 1010);
INSERT INTO `sys_role_menu` VALUES (4, 1011);

-- ----------------------------
-- Table structure for sys_user
-- ----------------------------
DROP TABLE IF EXISTS `sys_user`;
CREATE TABLE `sys_user`  (
  `user_id` bigint(20) NOT NULL AUTO_INCREMENT COMMENT '用户ID',
  `user_name` varchar(30) CHARACTER SET utf8mb4 COLLATE utf8mb4_0900_ai_ci NOT NULL COMMENT '用户账号',
  `nick_name` varchar(30) CHARACTER SET utf8mb4 COLLATE utf8mb4_0900_ai_ci NOT NULL COMMENT '用户昵称',
  `user_type` varchar(2) CHARACTER SET utf8mb4 COLLATE utf8mb4_0900_ai_ci NULL DEFAULT '00' COMMENT '用户类型（00系统用户）',
  `sex` char(1) CHARACTER SET utf8mb4 COLLATE utf8mb4_0900_ai_ci NULL DEFAULT '0' COMMENT '用户性别（0男 1女 2未知）',
  `avatar` varchar(100) CHARACTER SET utf8mb4 COLLATE utf8mb4_0900_ai_ci NULL DEFAULT '' COMMENT '头像地址',
  `password` varchar(100) CHARACTER SET utf8mb4 COLLATE utf8mb4_0900_ai_ci NULL DEFAULT '' COMMENT '密码',
  `status` char(1) CHARACTER SET utf8mb4 COLLATE utf8mb4_0900_ai_ci NULL DEFAULT '0' COMMENT '帐号状态（0正常 1停用）',
  `del_flag` char(1) CHARACTER SET utf8mb4 COLLATE utf8mb4_0900_ai_ci NULL DEFAULT '0' COMMENT '删除标志（0代表存在 2代表删除）',
  `login_ip` varchar(128) CHARACTER SET utf8mb4 COLLATE utf8mb4_0900_ai_ci NULL DEFAULT '' COMMENT '最后登录IP',
  `login_date` datetime NULL DEFAULT NULL COMMENT '最后登录时间',
  `create_by` varchar(64) CHARACTER SET utf8mb4 COLLATE utf8mb4_0900_ai_ci NULL DEFAULT '' COMMENT '创建者',
  `create_time` datetime NULL DEFAULT NULL COMMENT '创建时间',
  `update_by` varchar(64) CHARACTER SET utf8mb4 COLLATE utf8mb4_0900_ai_ci NULL DEFAULT '' COMMENT '更新者',
  `update_time` datetime NULL DEFAULT NULL COMMENT '更新时间',
  `bei_zhu` varchar(500) CHARACTER SET utf8mb4 COLLATE utf8mb4_0900_ai_ci NULL DEFAULT NULL COMMENT '备注',
  PRIMARY KEY (`user_id`) USING BTREE
) ENGINE = InnoDB AUTO_INCREMENT = 105 CHARACTER SET = utf8mb4 COLLATE = utf8mb4_0900_ai_ci COMMENT = '用户信息表' ROW_FORMAT = DYNAMIC;

-- ----------------------------
-- Records of sys_user
-- ----------------------------
INSERT INTO `sys_user` VALUES (1, 'admin', '若依', '00', '1', '', '$2a$10$7JB720yubVSZvUI0rEqK/.VqGOZTH.ulu33dHOiBE8ByOhJIrdAu2', '0', '0', '127.0.0.1', '2024-05-20 00:52:58', 'admin', '2024-05-14 22:17:47', '', '2024-05-20 00:52:58', '管理员');
INSERT INTO `sys_user` VALUES (2, 'ry', '若依', '00', '1', '', '$2a$10$7JB720yubVSZvUI0rEqK/.VqGOZTH.ulu33dHOiBE8ByOhJIrdAu2', '0', '0', '127.0.0.1', '2024-05-14 22:17:47', 'admin', '2024-05-14 22:17:47', '', NULL, '测试员');
INSERT INTO `sys_user` VALUES (100, '123', '123', '00', '0', '', '$2a$10$GUAvjJ96yYbxA5APPpivQuq4IOBvsgZVPzGIzgBs8n7/MYM5DFaO6', '0', '2', '', NULL, 'admin', '2024-05-17 22:48:07', 'admin', '2024-05-17 22:48:27', NULL);
INSERT INTO `sys_user` VALUES (101, '123123', '123123', '00', '0', '', '$2a$10$VWFgFsvUh4vlY.41nMUJj.rqeI3Zr8CLF0tKDsTodBrhgN7BEdeDa', '0', '2', '', NULL, 'admin', '2024-05-19 16:31:55', '', NULL, NULL);
INSERT INTO `sys_user` VALUES (102, 'xiezheng', 'woaini', '00', '0', '', '$2a$10$lVXdDnQBd1ibkdIuIUeNC.dvTplrmiBiQNKn29MHubEF5e8GuEmoa', '0', '0', '127.0.0.1', '2024-05-20 00:52:04', 'admin', '2024-05-19 16:33:09', 'admin', '2024-05-20 00:52:04', NULL);
INSERT INTO `sys_user` VALUES (103, 'cccc', 'cccc', '00', '1', '', '$2a$10$fPksRQh6wD4frABliLS3G.UaCW.j1YadcoqeqHKnWFT0vxrShQKw2', '0', '0', '', NULL, 'admin', '2024-05-19 16:39:12', 'admin', '2024-05-19 16:39:54', NULL);
INSERT INTO `sys_user` VALUES (104, 'bb', 'bbb', '00', '0', '', '$2a$10$xx7ZLjUf0q30njlUMt6uwO/3vDji2s4CqnDRioHvkr7ie4COEVPRW', '0', '0', '', NULL, 'admin', '2024-05-19 21:50:38', '', NULL, NULL);

-- ----------------------------
-- Table structure for sys_user_role
-- ----------------------------
DROP TABLE IF EXISTS `sys_user_role`;
CREATE TABLE `sys_user_role`  (
  `user_id` bigint(20) NOT NULL COMMENT '用户ID',
  `role_id` bigint(20) NOT NULL COMMENT '角色ID',
  PRIMARY KEY (`user_id`, `role_id`) USING BTREE
) ENGINE = InnoDB CHARACTER SET = utf8mb4 COLLATE = utf8mb4_0900_ai_ci COMMENT = '用户和角色关联表' ROW_FORMAT = DYNAMIC;

-- ----------------------------
-- Records of sys_user_role
-- ----------------------------
INSERT INTO `sys_user_role` VALUES (1, 1);
INSERT INTO `sys_user_role` VALUES (2, 2);
INSERT INTO `sys_user_role` VALUES (102, 4);
INSERT INTO `sys_user_role` VALUES (104, 2);

SET FOREIGN_KEY_CHECKS = 1;
